Major,Total,Excellent,Good,Medium,Pass,Fail
0.0,252.0,0.0,0.2857142857142857,0.623015873015873,0.08333333333333333,0.007936507936507936
1.0,91.0,0.0,0.43956043956043955,0.5054945054945055,0.054945054945054944,0.0
2.0,149.0,0.0,0.5167785234899329,0.48322147651006714,0.0,0.0
